first_name	last_name
Dieter	Hoffmann
Greta	Schmidt
Diego	Torres
Isabella	Morales
François	Moreau
Karl	Weber
Marie	Dupont
María	López
Camille	Martin
Javier	García
María	Hernandez
Anja	Hoffmann
Anja	Koch
Sofia	Rizzo
Étienne	Lambert
Sofia	Conti
Marie	Lambert
Olivia	Davis
Charlotte	Leroy
Emma	Johnson
Isabella	Rossi
Anja	Schulz
Sofia	Rossi
Camille	Girard
Alejandro	López
Alessia	Conti
Petra	Hoffmann
Giuseppe	De Luca
Diego	Rodríguez
Alessia	Rizzo
Martina	De Luca
Marco	Rossi
Stefan	Schmidt
Leonardo	De Luca
Sofia	Ricci
Martina	Esposito
Ethan	Clark
Mia	Moore
Lucia	Rodríguez
Lorenzo	Rizzo
François	Martin
Alejandro	Hernandez
John	Turner
Martina	Rossi
Giuseppe	Gallo
Sophie	Fournier
Sofia	Romano
Sabine	Weber
Emma	Anderson
Marie	Girard
Petra	Schulz
Isabella	García
Emma	Brown
Ingrid	Schäfer
Javier	Morales
Marie	Fournier
Klaus	Müller
Carlos	González
Louis	Lefevre
Stefan	Koch
Ethan	Smith
Miguel	Rodríguez
Sofia	Pérez
Gabriela	Hernandez
Carlos	Pérez
Pierre	Girard
Sofia	Moretti
Gabriela	Morales
Lucia	Diaz
Dieter	Schäfer
Ava	Brown
Isabella	Hernandez
Stefan	Weber
Étienne	Girard
Isabella	Esposito
Carlos	Ramirez
Isabella	Romano
Olivia	Moore
Karl	Schmidt
Étienne	Moreau
